Title,Subreddit_Name,Author_Name,Upvotes,Upvote_Ratio,Number_of_Comments,Url_of_Post
How do you get a job with experience in Python?,Python,dbeiwiw,106,0.92,44,https://www.reddit.com/r/Python/comments/vdzcrf/how_do_you_get_a_job_with_experience_in_python/
Python is easy....,CBSE,InfinityMemeLevel,119,0.99,33,https://i.redd.it/2apw2zzdcy591.jpg
"I started a Python program with this line today, and suddenly I got this creeping sensation that we are all destined for Hell.",ProgrammerHumor,Mrhnhrm,301,0.93,17,https://i.redd.it/rnz2bjz4jz591.png
"[Revolver] Colt Python 357MAG 6"" 6RD STS, $1,401.10 + ship, 2 in stock (PYTHON-SP6WTS)",gundeals,darkcity9620,94,0.94,19,https://www.georgiagunstore.com/colt-python-357mag-6-6rd-sts.html
What Python project are you most proud of and why?,learnpython,Hot_Patient2879,18,0.8,19,https://www.reddit.com/r/learnpython/comments/vdiqqd/what_python_project_are_you_most_proud_of_and_why/
"In your opinion, would you say axolotl husbandry is more, less, or equal to the amount of work that ball python husbandry is?",axolotls,thenotsoamerican,19,0.88,16,https://www.reddit.com/r/axolotls/comments/vdlt15/in_your_opinion_would_you_say_axolotl_husbandry/
Anyone know why this is happening? I‚Äôm trying to import files into python for analysis but the second file (only 57MB) appears to cause python to crash. What is wrong? I had the same issue on jupyter as well,dataanalysis,MGLGA_1,11,0.92,21,https://i.redd.it/msvsgr1ylz591.jpg
Should I use SQL or Python for this task?,SQL,sorieus,15,0.95,13,https://www.reddit.com/r/SQL/comments/vdv190/should_i_use_sql_or_python_for_this_task/
An AI wrote a python program to determine if a number is odd or even (GPT-3),ProgrammerHumor,-EnderPig-,34,0.84,9,https://i.redd.it/fbya54ggt1691.png
Gov. DeSantis announces open registration for Florida Python Challenge,florida,RingloVale,10,0.67,14,https://www.wfla.com/news/politics/gov-desantis-to-speak-at-florida-everglades/
Mito lets you write Python by editing a spreadsheet,excel,Jake_Stack808,123,0.98,3,https://www.reddit.com/r/excel/comments/vds336/mito_lets_you_write_python_by_editing_a/
How do you navigate 100+ lines of python code in lsp-mode?,emacs,omeow,14,0.94,8,https://www.reddit.com/r/emacs/comments/vdhmv2/how_do_you_navigate_100_lines_of_python_code_in/
GPT-3 knows how to sort a list in python,ProgrammerHumor,bright_lego,31,0.92,5,https://i.redd.it/rfjxwyscc0691.png
I actually use python as a calculator,ProgrammerHumor,rachit7645,34,0.88,5,https://i.redd.it/3cxv3zm574691.jpg
"GAME THREAD: Golden State Warriors (53-29) @ Boston Celtics (51-31) - (June 16, 2022)",nba,NBA_MOD,1519,0.95,40967,https://www.reddit.com/r/nba/comments/vdzl5m/game_thread_golden_state_warriors_5329_boston/
I highly recommend drawing things on pics of your ball python. Here‚Äôs Echo as an adorable bunny!,ballpython,HopieJewell,54,0.97,3,https://i.redd.it/r64cufq371691.jpg
Load gzip data fast with Python,learnpython,Cyalas,3,0.8,12,https://www.reddit.com/r/learnpython/comments/vdqrqc/load_gzip_data_fast_with_python/
hello! new to the community. we recently got a ball python and put him in his new tank! it‚Äôs a 55 gallon. he‚Äôs 2 years old so he‚Äôs a long guy. anyone know what this hissing/breathing means? we are super anxious,ballpython,genericdyke,5,0.78,9,https://v.redd.it/iekkzse4xz591
How would i get my variable to increment python?,learnprogramming,PremeJigg,7,1.0,7,https://www.reddit.com/r/learnprogramming/comments/ve046r/how_would_i_get_my_variable_to_increment_python/
Pickling Python classes,learnpython,fr000gs,1,1.0,18,https://www.reddit.com/r/learnpython/comments/vdhgdc/pickling_python_classes/
The Big Book of Small Python projects,learnpython,Jos-I,7,0.78,6,https://www.reddit.com/r/learnpython/comments/vdm3hf/the_big_book_of_small_python_projects/
Does anyone see a problem with my setup ? My python often falls and it bothers me.,ballpython,Ketamaorif,4,0.83,8,https://www.reddit.com/gallery/vdgpee
Python IDE,UCI,sparklingcrown,8,1.0,5,https://www.reddit.com/r/UCI/comments/vdzsp7/python_ide/
"Tried learning Python, I'm a web developer using Java. Can someone review my code and provide some feedback?",learnpython,Snoo21443,2,1.0,10,https://www.reddit.com/r/learnpython/comments/vdijec/tried_learning_python_im_a_web_developer_using/
Trying to get some hints about this problem (Python),learnprogramming,lord4ris,3,1.0,6,https://www.reddit.com/r/learnprogramming/comments/ve06y7/trying_to_get_some_hints_about_this_problem_python/
"BehaveX, a test wrapper implemented on top of Python Behave",Python,Anibalero,10,0.76,4,https://www.reddit.com/r/Python/comments/vdqk3l/behavex_a_test_wrapper_implemented_on_top_of/
Split Netmiko output into an array? (python list),networking,syntax24,2,0.75,9,https://www.reddit.com/r/networking/comments/ve1bt9/split_netmiko_output_into_an_array_python_list/
"Monty Python‚Äôs Argument Clinic, but with buttcoin.",Buttcoin,ysengrimus,19,0.95,3,https://twitter.com/wallstreetpro/status/1537203596613361664?s=21&t=E270TuiENwEY-aAk9cXJSw
How to get divided dates for SP 500 stocks into Python?,algotrading,Pleasant-Chemist-843,5,0.7,5,https://www.reddit.com/r/algotrading/comments/vdh3lr/how_to_get_divided_dates_for_sp_500_stocks_into/
A simple lattice Boltzmann D2Q9 Python code with zero for loops,CFD,GuessRevolutionary66,10,0.81,4,https://github.com/maruthinh/d2q9_zero_for_loop
Invoke and use a venv within a python script on a remote machine,learnpython,chimpageek,0,0.5,10,https://www.reddit.com/r/learnpython/comments/ve3v17/invoke_and_use_a_venv_within_a_python_script_on_a/
"Am I crazy to use python for the simple-ish core game, expose data via Flask, UI via React, and Electron to make the executable??",gamedev,NumLock_Enthusiast,0,0.5,10,https://www.reddit.com/r/gamedev/comments/vdvd14/am_i_crazy_to_use_python_for_the_simpleish_core/
How do you feel about PyScript to write Python codes in HTML ?,Python,princepatni,0,0.45,11,https://www.reddit.com/r/Python/comments/vdipfj/how_do_you_feel_about_pyscript_to_write_python/
Will it be worth it to create a Tkinter GUI for a Python Project to put on my resume?,Python,Worldly-Cycle1925,0,0.29,9,https://www.reddit.com/r/Python/comments/vdm0d8/will_it_be_worth_it_to_create_a_tkinter_gui_for_a/
"Small Python script, almost working as I want, but novice brain is burned out",codereview,Kinimodes,3,0.72,5,https://www.reddit.com/r/codereview/comments/vdxek2/small_python_script_almost_working_as_i_want_but/
I hate Python Recruiters!,learnpython,BafbeerNL,0,0.38,9,https://www.reddit.com/r/learnpython/comments/vdgnay/i_hate_python_recruiters/
Learning Python while going through DSA course?,csMajors,papayon10,1,0.67,8,https://www.reddit.com/r/csMajors/comments/ve2cm8/learning_python_while_going_through_dsa_course/
"When is a variable assigned a garbage value and when is it assigned a default value? [for languages : C, C++, Java and Python]",AskProgramming,R_I-T_I-K_A,1,1.0,8,https://www.reddit.com/r/AskProgramming/comments/vdrqvg/when_is_a_variable_assigned_a_garbage_value_and/
Red phase green tree python,Cornsnake_Pics,ophidianolivia,6,1.0,3,https://i.redd.it/uc6qsj7s63691.jpg
Python in persian,Python,AdvancePure2256,7,0.71,3,https://www.reddit.com/r/Python/comments/vdm4g4/python_in_persian/
[Need Help] Data Analysis - Looking for someone to help with Python / Jupyter Notebooks,paidHomeworkHelp,Derpfacelolcats1,2,1.0,5,https://www.reddit.com/r/paidHomeworkHelp/comments/vdziix/need_help_data_analysis_looking_for_someone_to/
"In your opinion and experience, would you say that ball python husbandry is more, less, or equal the amount of work that axolotl husbandry is?",ballpython,thenotsoamerican,3,1.0,4,https://www.reddit.com/r/ballpython/comments/vdmpqj/in_your_opinion_and_experience_would_you_say_that/
New to Python,learnpython,wolsen64,0,0.5,7,https://www.reddit.com/r/learnpython/comments/ve1s37/new_to_python/
PythonSDK install issue,Borderlands2,EclairForce,2,0.76,5,https://www.reddit.com/r/Borderlands2/comments/vdq6dl/pythonsdk_install_issue/
If I'm new to both Python and C# would it be better to learn Python and Pygame or Unity with C#?,pygame,NegativeShow,2,1.0,5,https://www.reddit.com/r/pygame/comments/vdj91t/if_im_new_to_both_python_and_c_would_it_be_better/
Can I contribute to an open source python lib by integrating it with another one?,AskComputerScience,mateomontero01,6,1.0,3,https://www.reddit.com/r/AskComputerScience/comments/vdn3ul/can_i_contribute_to_an_open_source_python_lib_by/
Best free resources or advice to learn and understand Python?,learnpython,raika43,4,1.0,3,https://www.reddit.com/r/learnpython/comments/vdwh5p/best_free_resources_or_advice_to_learn_and/
How to print docs from docs.python.org?,learnpython,Dave92F1,0,0.5,6,https://www.reddit.com/r/learnpython/comments/vdrvu8/how_to_print_docs_from_docspythonorg/
"If I need to learn basic graphics programming with C# and I already have experience with procedural programming in C++, R, and Python, where should I start?",learnprogramming,dcfan105,2,1.0,4,https://www.reddit.com/r/learnprogramming/comments/vdt1p1/if_i_need_to_learn_basic_graphics_programming/
Gov. DeSantis announces open registration for Florida Python Challenge,FloridaLounge,VTX1800F,2,0.75,4,https://www.wfla.com/news/politics/gov-desantis-to-speak-at-florida-everglades/
I am building a spreadsheet for CFAs that turns your edits into Python,CFA,aarondiamond-reivich,34,0.87,1,https://www.reddit.com/r/CFA/comments/vdsy4k/i_am_building_a_spreadsheet_for_cfas_that_turns/
Where do I practice python? what platform do I need to download?,learnpython,think2xbrother,0,0.33,5,https://www.reddit.com/r/learnpython/comments/ve0bpn/where_do_i_practice_python_what_platform_do_i/
how much python is needed to learn Django framework and be a web developer?,learnpython,ItsBlueHeart,1,0.67,5,https://www.reddit.com/r/learnpython/comments/vdr03m/how_much_python_is_needed_to_learn_django/
Need help retrieving info from a Python program using Java,learnprogramming,Palladium48,1,1.0,5,https://www.reddit.com/r/learnprogramming/comments/vdtxdr/need_help_retrieving_info_from_a_python_program/
Doing coding interviews in Python over Java or JS,learnprogramming,Pianomann69,1,1.0,5,https://www.reddit.com/r/learnprogramming/comments/vdme0n/doing_coding_interviews_in_python_over_java_or_js/
"Doing everything I can to cool down my house, but my temps are reading 91¬∞F. I‚Äôm using a fan, but I only have one AC unit and it‚Äôs not doing much. Will my pac-man frog, ball python, and bearded dragon be okay?",reptiles,terror-tooth,4,0.84,2,https://www.reddit.com/r/reptiles/comments/ve0wjn/doing_everything_i_can_to_cool_down_my_house_but/
Python installation getting error,termux,Wild-Law-6773,7,1.0,2,https://i.redd.it/slqn2ws37y591.png
Interesting bug I have with Python 3.8.0,learnpython,realOFM,0,0.33,5,https://www.reddit.com/r/learnpython/comments/vdofyi/interesting_bug_i_have_with_python_380/
beginner python help,learnpython,B3AST22,1,1.0,4,https://www.reddit.com/r/learnpython/comments/vdy5rb/beginner_python_help/
When did your ball python go off food? (He‚Äôs eating),ballpython,Gunshowgreg,5,1.0,2,https://www.reddit.com/gallery/ve4jrt
Python in Windows or Gitbash?,learnpython,markgburke,0,0.5,4,https://www.reddit.com/r/learnpython/comments/vdp037/python_in_windows_or_gitbash/
[HIRING] PYTHON SENIOR DEVELOPER,forhire,Ok_Relation_8436,0,0.43,4,https://www.reddit.com/r/forhire/comments/vdt0b8/hiring_python_senior_developer/
Ball python small for his age?,ballpython,damalloy,1,0.67,4,https://www.reddit.com/r/ballpython/comments/vdkrsq/ball_python_small_for_his_age/
Starting out with python 4th edition help.,learnpython,AnteaterAvailable571,1,0.67,4,https://www.reddit.com/r/learnpython/comments/vdxqu1/starting_out_with_python_4th_edition_help/
Ball python poop?,ballpython,Jackholcomb123,4,0.75,2,https://i.redd.it/vk5jnraryz591.jpg
API accepts certs through postman and curl but not through python,learnpython,dl__,1,0.67,4,https://www.reddit.com/r/learnpython/comments/vdvb8p/api_accepts_certs_through_postman_and_curl_but/
Hey Python people can someone give me a free rousource of python readable or watchable that's 100 hours + that will give me everything i need,learnpython,OnlykidsAreAtheists,0,0.29,4,https://www.reddit.com/r/learnpython/comments/ve06jt/hey_python_people_can_someone_give_me_a_free/
Adobe XD‚Äôde tasarladƒ±ƒüƒ±m aray√ºz√º python projemde nasƒ±l kullanƒ±cam amk kafayƒ± yedim g√ºzel kaynak falan varsa atƒ±n l√ºtfen yarim saattir ariyorum,KGBTR,pergelseven,1,1.0,4,https://www.reddit.com/r/KGBTR/comments/vdpwt2/adobe_xdde_tasarladƒ±ƒüƒ±m_aray√ºz√º_python_projemde/
New snake owner What are the best enclosures for ball pythons & the best time frame of feeding. ?,snakes,PossibleEmpty465,1,1.0,4,https://www.reddit.com/r/snakes/comments/vdgodv/new_snake_owner_what_are_the_best_enclosures_for/
Having an absolute pain trying to figure out how exactly Python scripts work with HA and I would love some assistance,homeassistant,Midnight_Rising,3,1.0,2,https://www.reddit.com/r/homeassistant/comments/ve4awf/having_an_absolute_pain_trying_to_figure_out_how/
my ball python just urniated on me,snakes,Kailonchaboyer25,0,0.33,3,https://www.reddit.com/r/snakes/comments/ve5p7z/my_ball_python_just_urniated_on_me/
In this video he says that learning javascript or python (timestamp 12:30) is good but he only recommended learning one of them. why is that?,programming,Mobile-Finish-2975,0,0.42,3,https://youtu.be/qpyUSAur8g0
Tauri alternative in python to write GUI using html/css/javascript?,learnpython,ConsistentSense4760,0,0.5,3,https://www.reddit.com/r/learnpython/comments/vdprxv/tauri_alternative_in_python_to_write_gui_using/
MicroPython v1.19 brings greater code efficiencies!,MicroPythonDev,andypiperuk,10,0.92,0,https://github.com/micropython/micropython/releases/tag/v1.19
"ProgrammerHumor | Image | ""I actually use python as a calculator""",TranscribersOfReddit,transcribersofreddit,1,1.0,3,https://reddit.com/r/ProgrammerHumor/comments/ve5b36/i_actually_use_python_as_a_calculator/
Baby Ball python terrarium coming together. She has been eating live. (finally),snakes,Jackholcomb123,0,0.5,3,https://www.reddit.com/gallery/vdn7fe
"Finally got around to remaking my massive Artist, band, and YouTuber Collab chart with python. Here's the start of it. It's not even close to being done but I think it's cool enough to share now.",charts,JohnnyDabb2,0,0.5,3,https://i.redd.it/cadnd9imw0691.png
"[hire me].are you In need of help in C++,java,python,RStudio,Ocaml,cshell,csharp,Matlab, Database management systems, Data structures and algorithms, STATA, Data visualization, AUTOCAD, Data analysis or any other kind of programming? Please reach us for quality work at +12076564510, DC Tmafla#1869",Homework_MarketPlace,winteam1869,1,1.0,3,https://www.reddit.com/r/Homework_MarketPlace/comments/vdgsuz/hire_meare_you_in_need_of_help_in/
"ProgrammerHumor | Image | ""Me, a beginner in python""",TranscribersOfReddit,transcribersofreddit,1,1.0,3,https://reddit.com/r/ProgrammerHumor/comments/vdponv/me_a_beginner_in_python/
"""Nine Rules for Elegant Rust Library APIs: Practical Lessons from Porting Bed-Reader, a Bioinformatics Library, from Python to Rust""",rust,carlk22,9,0.79,0,https://www.reddit.com/r/rust/comments/vduikp/nine_rules_for_elegant_rust_library_apis/
"Does anyone know a ""The Oding Project"" equivalent for Python?",learnprogramming,Mattalheads,2,1.0,2,https://www.reddit.com/r/learnprogramming/comments/vdtish/does_anyone_know_a_the_oding_project_equivalent/
Announcing Reference Architecture for AI - NLP pipelines with Redis and Python,Python,alex_mikhalev,7,0.89,0,https://www.reddit.com/r/Python/comments/vdp6fl/announcing_reference_architecture_for_ai_nlp/
[FRESH EP] Luis (DJ Python) - 057 (Schwyn),indieheads,gardevade,6,0.88,0,https://djpythonnyc.bandcamp.com/album/057-schwyn
"Introducing grzegorz, a small python project to automatically generate minimal pair decks",Anki,xylouse,5,0.86,0,https://www.reddit.com/r/Anki/comments/vdl5rq/introducing_grzegorz_a_small_python_project_to/
Tableau Report Generator Python Script,tableau,Buscompany212121,4,0.84,0,https://www.reddit.com/r/tableau/comments/ve3p0t/tableau_report_generator_python_script/
Shoot‚Äôem-up article and code in python from scratch,gamedev,GameProgramer,6,0.99,0,https://www.reddit.com/r/gamedev/comments/vdumjm/shootemup_article_and_code_in_python_from_scratch/
"Data Manipulation in Python: Master Python, Numpy & Pandas",udemyfreebies,smartybrome,5,0.86,0,https://idownloadcoupon.com/product/data-manipulation-in-python-master-python-numpy-pandas-3/
Operationalizing your code with Snowpark Python Stored Procedures,snowflake,fhoffa,5,1.0,0,https://medium.com/snowflake/operationalizing-your-code-with-snowpark-python-stored-procedures-a16c77afcff
How much would a developer pay for some economy commands in python?,Discord_Bots,JustAskPeabody,0,0.4,2,https://www.reddit.com/r/Discord_Bots/comments/vdxgf4/how_much_would_a_developer_pay_for_some_economy/
Announcing Reference Architecture for AI: Build on Redis with Python,redis,alex_mikhalev,4,0.75,0,https://www.reddit.com/r/redis/comments/vdpf97/announcing_reference_architecture_for_ai_build_on/
How can I get a button my model D to run a python script?,glorious,robstersgaming,1,1.0,2,https://www.reddit.com/r/glorious/comments/vdzald/how_can_i_get_a_button_my_model_d_to_run_a_python/
Please help with TypeError: 'int' object is not subscriptable - Python,learnprogramming,NorseSaga,1,1.0,2,https://www.reddit.com/r/learnprogramming/comments/ve3hv0/please_help_with_typeerror_int_object_is_not/
MicroPython 1.19 is out!,micropython,andypiperuk,3,0.81,0,https://github.com/micropython/micropython/releases/tag/v1.19
Python project problem,learnpython,Brizzly__Gear,0,0.5,2,https://www.reddit.com/r/learnpython/comments/ve2en1/python_project_problem/
Alguien me explica unas cosas de python?,devsarg,Vendo-Peugeot206,0,0.43,2,https://www.reddit.com/r/devsarg/comments/vdl3vu/alguien_me_explica_unas_cosas_de_python/
I need to learn fundamental JavaScript in a day for an exam. I already know HTML/CSS and am proficient in python and C++,learnjavascript,stonecoldchivalry,1,0.67,2,https://www.reddit.com/r/learnjavascript/comments/ve5pmn/i_need_to_learn_fundamental_javascript_in_a_day/
Best python static site generator?,learnpython,sothatsme22,1,1.0,2,https://www.reddit.com/r/learnpython/comments/vdxp1s/best_python_static_site_generator/
Python Backend Developer,developersIndia,thinkerNew,1,1.0,2,https://www.reddit.com/r/developersIndia/comments/vdovxh/python_backend_developer/
How to identify a PDF printed as image in python.,learnpython,sev7en25077,0,0.5,2,https://www.reddit.com/r/learnpython/comments/vdsb7l/how_to_identify_a_pdf_printed_as_image_in_python/
can we take a sec to note that Maggie got a colt python from daryl? in my mind It simbolizes understanding leadership and making harsh desitions like she made in this scene,thewalkingdead,sebastianlaguens,3,1.0,0,https://i.redd.it/4v830rjhi4691.jpg
[GitHub] snowflakedb/snowpark-python: Snowflake Snowpark Python API (open source!),snowflake,fhoffa,3,1.0,0,https://github.com/snowflakedb/snowpark-python/
how to generate User access token from Facebook API using python,api,Djang024,3,1.0,0,https://www.reddit.com/r/api/comments/vdj8c9/how_to_generate_user_access_token_from_facebook/
Gov. Ron DeSantis Announces Florida Python Challenge Registration Is Open https://t.co/xyDM6Q6jZt,BigDongDeSantis,Allan_QuartermainSr,3,0.8,0,https://twitter.com/GovRonDeSantis/status/1537431748392259588
"Python, Java, C & More Online IT Courses 1-Year Subscription A$92.07 @ Programiz PRO",OzBargainNew,OzBargainBot,2,1.0,1,https://www.ozbargain.com.au/node/707028
"17 Best Datacamp Courses 2022 Python, R, ML, SQL, Data Science Updated",learndatascience,Lakshmireddys,2,0.75,0,https://codingvidya.com/best-datacamp-courses/
Learn Python Together,theprogrammers,AzizBgBoss,2,1.0,0,https://youtu.be/7sFoWPOv-bs
Python Online Course Recommendations,csMajors,sparklingcrown,2,1.0,1,https://www.reddit.com/r/csMajors/comments/vdvvan/python_online_course_recommendations/
"Virtual pet chatbot: CI with GitHub (Day 16) [Live, Python, FOSS]",WatchPeopleCode,noyainrain,2,1.0,1,https://www.twitch.tv/noyainrain
"$0 Udemy Courses: Complete Hypnotherapy, Teacher Training, Python, SQL, Javascript, C++, Bootstrap, Animation, PowerPoint & More",OzBargain,OzBargainBot,2,1.0,1,https://www.ozbargain.com.au/node/706842
MicroPython version 1.19 released,micropython,HP7933,2,0.75,0,https://blog.adafruit.com/2022/06/16/micropython-version-1-19-released-python-micropython-micropython/
Python for beginners - Learn all the basics of python,udemyfreebies,smartybrome,2,1.0,0,https://idownloadcoupon.com/product/python-for-beginners-learn-all-the-basics-of-python-2/
"$0 Udemy Courses: Complete Hypnotherapy, Teacher Training, Python, SQL, Javascript, C++, Bootstrap, Animation, PowerPoint & More",OzBargainNew,OzBargainBot,2,1.0,1,https://www.ozbargain.com.au/node/706842
What are some lies about learning how to program?,learnprogramming,A_H_uman,755,0.96,457,https://www.reddit.com/r/learnprogramming/comments/vdoxc7/what_are_some_lies_about_learning_how_to_program/
"Data Analyst Skillpath: Zero to Hero in Excel, SQL & Python",udemyfreebies,TronicBoy,1,1.0,0,https://impodays.com/courses/data-analyst-skillpath-zero-to-hero-in-excel-sql-python/?feed_id=37024
Consulta r√°pida (python),programacion,DaviBowi,1,1.0,0,https://www.reddit.com/r/programacion/comments/ve2hfu/consulta_r√°pida_python/
Tapestry of Guy Fieri eating a live python,weirddalle,GrahamTheCat,1,1.0,0,https://www.reddit.com/r/weirddalle/comments/ve5bvr/tapestry_of_guy_fieri_eating_a_live_python/
Python Programming Challenges,Student,Statisticsguruji,1,1.0,0,https://statanalytica.com/blog/python-programming-challenges/
[World] - Burmese python hunt in Florida Everglades slated for August | Toronto Star,AutoNewspaper,AutoNewspaperAdmin,1,1.0,0,https://www.thestar.com/news/world/us/2022/06/16/burmese-python-hunt-in-florida-everglades-slated-for-august.html
Python Programming Challenges,programming,Statisticsguruji,0,0.3,0,https://statanalytica.com/blog/python-programming-challenges/
New Candle (CNDL) GitHub Action : WatchEventTheAlgorithms/Python,cndl,GoldenCryptoCoins,1,1.0,0,https://api.github.com/repos/TheAlgorithms/Python
Top 3 Python Based Data Science Projects For Beginners,u_Phurba1234,Phurba1234,1,1.0,0,https://www.reddit.com/r/u_Phurba1234/comments/ve5s27/top_3_python_based_data_science_projects_for/
Python Programming Challenges,Programming_Languages,Statisticsguruji,1,1.0,0,https://statanalytica.com/blog/python-programming-challenges/
Ultimate Python Bootcamp For Data Science & Machine Learning üá¨üáß [Free online course] (4 days or 901 registrations left),Coursemetry,Agima,1,1.0,0,https://coursemetry.com/ultimate-python-bootcamp-for-data-science-machine-learning
Python Programming Challenges,studytips,Statisticsguruji,1,1.0,0,https://statanalytica.com/blog/python-programming-challenges/
Python-Fundamentals: NEW Data - star count:145.0,algoprojects,Peerism1,1,1.0,0,https://github.com/dlab-berkeley/Python-Fundamentals
Hire Python developer from Supreme IT Solutions. Python developers from Supreme IT Solutions w are expert in version Python web application solutions of top-notch class.,u_supremeITsolutions,supremeITsolutions,1,1.0,0,https://www.reddit.com/r/u_supremeITsolutions/comments/ve71s1/hire_python_developer_from_supreme_it_solutions/
Making a Subdomain Scanner in Python,madeinpython,Arth_K,1,0.67,0,https://faun.pub/making-a-subdomain-scanner-in-python-9f279ed1c472
Making a Subdomain Scanner in Python,cybersecurity,Arth_K,1,1.0,1,https://faun.pub/making-a-subdomain-scanner-in-python-9f279ed1c472
JACKSON O'DOHERTY HAD A PET KANGAROO & PYTHON!,desdesdes,sshishishi,1,1.0,0,https://playoutube.com/watch/BxLwKniUNUqm8km
Learn Python Turtle Using Block Coding,udemyfreebies,saadmerie,1,1.0,0,https://www.real.discount/offer/learn-python-turtle-using-block-coding-19455/
BINANCE & BYBIT ALGO CRYPTO TRADING BOT FOR VERY LOW PRICE With UI in Python. FEEL FREE TO DM,u_Valuable_Hand6281,Valuable_Hand6281,1,1.0,1,https://i.redd.it/64mrop03z3691.jpg
Florida Everglades to host Burmese python hunt in August,TrendingQuickTVnews,swagNextTuber,1,1.0,0,https://www.foxnews.com/great-outdoors/florida-everglades-host-burmese-python-hunt-august
Ultimate Python Bootcamp For Data Science & Machine Learning,udemyfreebies,smartybrome,1,1.0,0,https://idownloadcoupon.com/product/ultimate-python-bootcamp-for-data-science-machine-learning/
Python for Beginners - ‡§π‡§ø‡§Ç‡§¶‡•Ä ‡§Æ‡•á‡§Ç ‡§∏‡•Ä‡§ñ‡•á‡§Ç Python Programming,udemyfreebies,smartybrome,1,1.0,0,https://idownloadcoupon.com/go/python-for-beginners-%e0%a4%b9%e0%a4%bf%e0%a4%82%e0%a4%a6%e0%a5%80-%e0%a4%ae%e0%a5%87%e0%a4%82-%e0%a4%b8%e0%a5%80%e0%a4%96%e0%a5%87%e0%a4%82-python-programming/
Explore Python Programming Challenges,StatisticsZone,Statisticsguruji,1,1.0,0,https://statanalytica.com/blog/python-programming-challenges/
Ultimate Python Bootcamp For Data Science & Machine Learning,udemyfreebies,KRazor1994,1,1.0,0,https://courses.impodays.com/courses/ultimate-python-bootcamp-for-data-science-machine-learning/?feed_id=12620
Join the 30DaysOfPython Discord Server!,30DaysOfPython,SarthakTyagi15,1,1.0,0,https://discord.gg/MFwuaEtZyr
My interpretation of the Python Part 2 opening scene (Red Wheelbarrow),MrRobot,xNinjaCat,2,1.0,0,https://www.reddit.com/r/MrRobot/comments/ve6fhw/my_interpretation_of_the_python_part_2_opening/
PyScript: Running Python in the Web Browser,programming,TravenDev,0,0.45,0,https://coderoasis.com/run-python-in-the-web-browser/
Making a Subdomain Scanner in Python,hacking,Arth_K,0,0.5,0,https://faun.pub/making-a-subdomain-scanner-in-python-9f279ed1c472
Getting Started with AWS Lambda Functions using Python,udemyfreebies,Eaglenger,1,1.0,0,https://coupenger.com/getting-started-with-aws-lambda-functions-using-python/
PyTrader-python-mt4-mt5-trading-api-connector-drag-n-drop: NEW Extended Research - star count:304.0,algoprojects,Peerism1,1,1.0,0,https://github.com/TheSnowGuru/PyTrader-python-mt4-mt5-trading-api-connector-drag-n-drop
Python Programming Challenges,Students,Statisticsguruji,1,1.0,0,https://statanalytica.com/blog/python-programming-challenges/
Python Programming Challenges,Students_AcademicHelp,Statisticsguruji,1,1.0,1,https://statanalytica.com/blog/python-programming-challenges/
[For Hire] Web Dev (Fullstack) (Svelte / Vue) (Python / Node) (CapacitorJS / Tauri),forhire,vanillacode314,1,1.0,1,https://www.reddit.com/r/forhire/comments/ve6jfh/for_hire_web_dev_fullstack_svelte_vue_python_node/
Linear Regression Analysis using Python: ML Basics (‡§π‡§ø‡§Ç‡§¶‡•Ä),FreeUdemyCourses,TronicBoy,1,1.0,0,https://impodays.com/courses/linear-regression-analysis-using-python-ml-basics-%e0%a4%b9%e0%a4%bf%e0%a4%82%e0%a4%a6%e0%a5%80-2/?feed_id=36947
Python Programming Challenges,codinginterview,Statisticsguruji,1,1.0,0,https://statanalytica.com/blog/python-programming-challenges/
"Data Manipulation in Python: Master Python, Numpy & Pandas",udemyfreebies,smartybrome,1,1.0,0,https://idownloadcoupon.com/product/data-manipulation-in-python-master-python-numpy-pandas-3/
Python for Machine Learning: The Complete Beginner's Course,udemyfreebies,TronicBoy,1,0.67,1,https://impodays.com/courses/python-for-machine-learning-the-complete-beginners-course-2/?feed_id=36796
"The Python on Hardware weekly video ‚Äì June 15, 2022",adafruit,HP7933,1,1.0,0,https://blog.adafruit.com/2022/06/16/the-python-on-hardware-weekly-video-june-15-2022-circuitpython-python-micropython-adafruit/
Why can't I clear the TextBox in python guizero?,learnpython,99simp,1,1.0,0,https://www.reddit.com/r/learnpython/comments/ve6uaj/why_cant_i_clear_the_textbox_in_python_guizero/
YouTube Channels to learn Data Science with Python,learnmachinelearning,eforebrahim,0,0.25,1,https://medium.com/@ebrahimhaqbhatti516/best-youtube-channels-to-learn-data-science-with-python-253233e830ab?sk=9302818068aa663aefa27bcbb61d5baa
Gov. DeSantis kicks off registration for 2022 Florida Python Challenge¬Æ,TLH,tikibot2,1,1.0,0,https://www.wtxl.com/news/local-news/gov-desantis-kicks-off-registration-for-2022-florida-python-challenge
Linear Regression Analysis using Python: ML Basics (‡§π‡§ø‡§Ç‡§¶‡•Ä),udemyfreebies,smartybrome,1,1.0,0,https://idownloadcoupon.com/product/linear-regression-analysis-using-python-ml-basics-%e0%a4%b9%e0%a4%bf%e0%a4%82%e0%a4%a6%e0%a5%80/
5 Levels of Handling Date and Time in Python,programming,yangzhou1993,0,0.25,0,https://medium.com/techtofreedom/5-levels-of-handling-date-and-time-in-python-46b601e47f65
"Data Manipulation in Python: Master Python, Numpy & Pandas",udemyfreebies,TronicBoy,1,1.0,0,https://impodays.com/courses/data-manipulation-in-python-master-python-numpy-pandas/?feed_id=36820
PyScript: Running Python in the Web Browser,coding,TravenDev,1,0.6,0,https://coderoasis.com/run-python-in-the-web-browser/
PyScript: Running Python in the Web Browser,Python,TravenDev,0,0.47,1,https://coderoasis.com/run-python-in-the-web-browser/
"Data Manipulation in Python: Master Python, Numpy",udemyfreebies,edutreasure,1,1.0,0,https://edutreasure.in/data-manipulation-in-python-master-python-numpy-pandas-udemy-coupon-11/
Python Demonstrations For Practice Course,udemyfreebies,smartybrome,1,1.0,0,https://idownloadcoupon.com/product/python-demonstrations-for-practice-course/
Java Vs Python: Which is Best for Enterprise Applications?,u_tech_budy,tech_budy,1,1.0,0,https://www.bacancytechnology.com/blog/java-vs-python
Terminal and Python,Ubuntu,M-zatary,0,0.5,1,https://www.reddit.com/r/Ubuntu/comments/vdn0v2/terminal_and_python/
Python for Machine Learning: The Complete Beginner's Course üá¨üáß [Free online course] (1 days or 549 registrations left),Coursemetry,Agima,1,1.0,0,https://coursemetry.com/python-for-machine-learning-the-complete-beginners-course
GitHub - unflakable/unflakable-python: Official Unflakable Plugins for Python,Python,pmz,0,0.5,1,https://github.com/unflakable/unflakable-python
"This sub is for helping students with their assignment in Maths, English (creative writting essays),ML,Statistics(spss,R studio, matlab),CS (c++,C,C#,python, java, exams,classes,nursing, information technology, finance, history, human resources, case studies, dissertations and many more.",AllassignmentsHelp,Tough_dough777,1,1.0,0,https://www.reddit.com/r/AllassignmentsHelp/comments/vdkwzr/this_sub_is_for_helping_students_with_their/
Libros Recomendados para aprender a programar en python,CienciaDeDatos,NicoTol03,1,1.0,0,https://www.reddit.com/r/CienciaDeDatos/comments/ve2eu2/libros_recomendados_para_aprender_a_programar_en/
I need some resources to advance my knowledge in python.,learnprogramming,_mysterious_dude_,1,1.0,0,https://www.reddit.com/r/learnprogramming/comments/vdvozo/i_need_some_resources_to_advance_my_knowledge_in/
Help with python code in pygame,CodingHelp,GeckoMarsh,1,0.67,0,https://www.reddit.com/r/CodingHelp/comments/vdk5du/help_with_python_code_in_pygame/
Support Vector Machines in Python: SVM Concepts,udemyfreebies,edutreasure,1,1.0,0,https://edutreasure.in/support-vector-machines-in-python-svm-concepts-code-udemy-coupon-7/
Build A Search Engine With Python: Computer Science & Python,udemyfreebies,smartybrome,1,1.0,0,https://idownloadcoupon.com/product/build-a-search-engine-with-python-computer-science-python-2/
"Data Analyst Skillpath: Zero to Hero in Excel, SQL & Python",FreeUdemyCourses,TronicBoy,1,1.0,0,https://impodays.com/courses/data-analyst-skillpath-zero-to-hero-in-excel-sql-python/?feed_id=37025
Python Programming Challenges,computersciencehub,Statisticsguruji,1,1.0,0,https://statanalytica.com/blog/python-programming-challenges/
Prepare a Django app for Deployment using Docker [TUTORIAL] #app #application #code #compose #deployment #Django #docker #dockercompose #github #networkengineer #nginx #postgresql #Prepare #programmers #proxy #python #Tutorial #uwsgi #VirtualBox,u_stackjourney,stackjourney,1,1.0,0,https://stackjourney.com/prepare-a-django-app-for-deployment-using-docker-tutorial/?feed_id=14728
Python Demonstrations For Practice Course,udemyfreebies,smartybrome,1,1.0,0,https://idownloadcoupon.com/product/python-demonstrations-for-practice-course/
Which is the best free cron job platform to run my python app every 15-20 minutes for 30 days?,webscraping,geekalif,1,0.67,1,https://www.reddit.com/r/webscraping/comments/ve0sy9/which_is_the_best_free_cron_job_platform_to_run/
Draw colourful spiral web using python turtle graphics||Colourful patterns,u_Typical_Bee_1920,Typical_Bee_1920,1,1.0,0,https://youtube.com/watch?v=sdzVdc6-DWE&feature=share
Ultimate Python Bootcamp For Data Science & Machine Learning,FreeUdemyCourses,KRazor1994,1,1.0,0,https://courses.impodays.com/courses/ultimate-python-bootcamp-for-data-science-machine-learning/?feed_id=12618
Convolutional Neural Networks in Python: CNN Computer Vision,udemyfreebies,smartybrome,1,1.0,0,https://idownloadcoupon.com/go/convolutional-neural-networks-in-python-cnn-computer-vision/
Is this a task for Python?,learnpython,PlasmaBones,1,0.6,1,https://www.reddit.com/r/learnpython/comments/vdrt60/is_this_a_task_for_python/
350+ Exercises - Python Programming Mega Pack - OOP - 2022,udemyfreebies,smartybrome,1,1.0,0,https://idownloadcoupon.com/product/350-exercises-python-programming-mega-pack-oop-2022-2/
Curso completo de Python 2022-De cero a Master con Python 3 üá™üá∏ [Free online course] (4 days or 208 registrations left),Coursemetry,Agima,1,1.0,0,https://coursemetry.com/curso-completo-de-python-2022-de-cero-a-master-con-python-3
Python And Statistics For Financial Analysis Online Training,u_Qtsinfo1,Qtsinfo1,1,1.0,0,https://www.canva.com/design/DAFD07-3_p4/9sJTCeDUrw60LjbjbaYTAA/view?utm_content=DAFD07-3_p4&utm_campaign=share_your_design&utm_medium=link&utm_source=shareyourdesignpanel
"ProgrammerHumor | Image | ""I started a Python program with this line today, and suddenly I got this creeping sensation that we are all destined for Hell.""",ToR_Archive,ToR_archivist,1,1.0,0,https://reddit.com/r/ProgrammerHumor/comments/vdm4w5/i_started_a_python_program_with_this_line_today/icl4ma0/
"–í–í–û–î–ù–´–ô –£–†–û–ö –ü–û REQUESTS | Python 3, –ü–∏—Ç–æ–Ω 3",u_Coon_Hinda_1970,Coon_Hinda_1970,1,1.0,0,https://www.youtube.com/watch?v=5_J2iQBArbQ
"[For Hire]Data analysis expert in Python, Jupyter notebooks, R, STATA, SPSS, Minitab, Excel, MATLAB",paidHomeworkHelp,kalipapers,1,1.0,1,https://www.reddit.com/r/paidHomeworkHelp/comments/ve1n1m/for_hiredata_analysis_expert_in_python_jupyter/
Python Programming Challenges,PythonJobs,Statisticsguruji,1,0.67,1,https://www.reddit.com/r/PythonJobs/comments/ve5q2a/python_programming_challenges/
Python Complete Course For Python Beginners,FreeUdemyCourses,TronicBoy,1,1.0,0,https://impodays.com/courses/python-complete-course-for-python-beginners/?feed_id=37067
Help implementing multiple parallel genomes with neat-python,learnpython,AdeMcT,1,1.0,1,https://www.reddit.com/r/learnpython/comments/vdgyno/help_implementing_multiple_parallel_genomes_with/
O que √© __init__ em Python?,brdev,usandoPython,1,0.54,0,https://www.reddit.com/r/brdev/comments/ve0wi8/o_que_√©_init_em_python/
Full Stack Python training in ameerpet,u_syammarc4,syammarc4,1,1.0,0,https://www.reddit.com/r/u_syammarc4/comments/ve5488/full_stack_python_training_in_ameerpet/
Python Demonstrations For Practice Course,udemyfreebies,smartybrome,1,1.0,0,https://idownloadcoupon.com/go/python-demonstrations-for-practice-course/
Time Series Analysis and Forecasting using Python,udemyfreebies,smartybrome,1,1.0,0,https://idownloadcoupon.com/product/time-series-analysis-and-forecasting-using-python/
Python Complete Course For Python Beginners,udemyfreebies,smartybrome,1,1.0,0,https://idownloadcoupon.com/product/python-complete-course-for-python-beginners/
Support Vector Machines in Python: SVM Concepts & Code,FreeUdemyCourses,TronicBoy,1,1.0,0,https://impodays.com/courses/support-vector-machines-in-python-svm-concepts-code/?feed_id=36953
Support Vector Machines in Python: SVM Concepts & Code Free Coupons & Free Download,udemyfreebies,shadowlife321,1,1.0,0,https://udemycoupons.org/support-vector-machines-in-python-svm-concepts-code-3/
"HARFANG3D, a C++ 3D visualization library (usable in Python, Lua and Go).",C_Programming,noviewsone,0,0.29,1,https://www.reddit.com/r/C_Programming/comments/vdml8i/harfang3d_a_c_3d_visualization_library_usable_in/
Support Vector Machines in Python: SVM Concepts & Code üá¨üáß [Free online course] (4 days or 325 registrations left),Coursemetry,Agima,1,1.0,0,https://coursemetry.com/support-vector-machines-in-python-svm-concepts-code
Python Complete Course For Python Beginners,udemyfreebies,TronicBoy,1,1.0,0,https://impodays.com/courses/python-complete-course-for-python-beginners/?feed_id=37066
Best Python Training Centre in Kochi - Techmindz,u_Techmindz,Techmindz,1,1.0,0,https://www.reddit.com/r/u_Techmindz/comments/vdh39l/best_python_training_centre_in_kochi_techmindz/
Convolutional Neural Networks in Python: CNN Computer Vision udemy coupon,udemyfreebies,edutreasure,1,1.0,0,https://edutreasure.in/convolutional-neural-networks-in-python-cnn-computer-vision-udemy-coupon-9/
6 Best Python Data Visualization Tools,u_KnowledgeNile7979,KnowledgeNile7979,1,1.0,0,https://www.knowledgenile.com/blogs/python-data-visualization-tools/?utm_source=RD&utm_medium=SM&utm_campaign=RB
[World] - Burmese python hunt in Florida Everglades slated for August,TORONTOSTARauto,AutoNewsAdmin,1,1.0,0,https://www.thestar.com/news/world/us/2022/06/16/burmese-python-hunt-in-florida-everglades-slated-for-august.html
"The Python on Hardware weekly video ‚Äì June 15, 2022",circuitpython,HP7933,1,0.67,0,https://blog.adafruit.com/2022/06/16/the-python-on-hardware-weekly-video-june-15-2022-circuitpython-python-micropython-adafruit/
Dependable intellisense for Python?,vscode,stateofidleness,1,1.0,0,https://www.reddit.com/r/vscode/comments/ve5rgb/dependable_intellisense_for_python/
"Data Manipulation in Python: Master Python, Numpy & Pandas",FreeUdemyCourses,TronicBoy,1,1.0,0,https://impodays.com/courses/data-manipulation-in-python-master-python-numpy-pandas/?feed_id=36821
Python for Beginners - ‡§π‡§ø‡§Ç‡§¶‡•Ä ‡§Æ‡•á‡§Ç ‡§∏‡•Ä‡§ñ‡•á‡§Ç Python Programming,udemyfreebies,smartybrome,1,1.0,0,https://idownloadcoupon.com/go/python-for-beginners-%e0%a4%b9%e0%a4%bf%e0%a4%82%e0%a4%a6%e0%a5%80-%e0%a4%ae%e0%a5%87%e0%a4%82-%e0%a4%b8%e0%a5%80%e0%a4%96%e0%a5%87%e0%a4%82-python-programming/
"Analyse de Donn√©es avec Python: Numpy, Pandas et Matplotlib",udemyfreebies,TronicBoy,1,1.0,0,https://impodays.com/courses/analyse-de-donnees-avec-python-numpy-pandas-et-matplotlib/?feed_id=36784
can someone point me in the right direction pertaining to serial ports python-serial??,raspberry_pi,Original-Cinikal,1,0.67,0,https://www.reddit.com/r/raspberry_pi/comments/vdxrrj/can_someone_point_me_in_the_right_direction/
[Solved] Python,free_homework_answers,PhantomTutors,1,1.0,1,https://phantomtutors.com/questions/solved-python-17/
Ultimate Python Bootcamp For Data Science & Machine Learning,u_KRazor1994,KRazor1994,1,1.0,0,https://courses.impodays.com/courses/ultimate-python-bootcamp-for-data-science-machine-learning/?feed_id=12616
r/PYTHON_PROGRAMMING_ Lounge,PYTHON_PROGRAMMING_,sahil_134,1,1.0,0,https://www.reddit.com/r/PYTHON_PROGRAMMING_/comments/ve4ylw/rpython_programming_lounge/
"Analyse de Donn√©es avec Python: Numpy, Pandas et Matplotlib",FreeUdemyCourses,TronicBoy,1,1.0,0,https://impodays.com/courses/analyse-de-donnees-avec-python-numpy-pandas-et-matplotlib/?feed_id=36785
Python for Machine Learning: The Complete Beginner's Course,FreeUdemyCourses,TronicBoy,1,1.0,0,https://impodays.com/courses/python-for-machine-learning-the-complete-beginners-course-2/?feed_id=36797
Support Vector Machines in Python: SVM Concepts & Code,udemyfreebies,TronicBoy,1,1.0,0,https://impodays.com/courses/support-vector-machines-in-python-svm-concepts-code/?feed_id=36952
Support Vector Machines in Python: SVM Concepts & Code Free Coupons & Free Download,shamelessplug,shadowlife321,1,1.0,0,https://udemycoupons.org/support-vector-machines-in-python-svm-concepts-code-3/
Support Vector Machines in Python: SVM Concepts & Code,udemyfreebies,smartybrome,1,1.0,0,https://idownloadcoupon.com/product/support-vector-machines-in-python-svm-concepts-code/
Need help with text summarization using Python,programminghelp,AlphaRouge99,1,1.0,1,https://www.reddit.com/r/programminghelp/comments/vdj20q/need_help_with_text_summarization_using_python/
"[For hire] For probability, statistics, economics, operations management, accounting, business & finance, programming (Java, C++, Python, C#, JavaScript, PHP, HTML), databases (MySQL, Postgres, Oracle, MSSQL, CouchDB), computer science, project management ..., Discord emkitsao#4585",homeworkhelphub,emkitsao,1,1.0,0,https://www.reddit.com/r/homeworkhelphub/comments/vdieu1/for_hire_for_probability_statistics_economics/
Check out my first finished python project!,madeinpython,WVlotterypredictor,0,0.5,0,/r/Python/comments/vds05v/check_out_my_first_finished_python_project/
Linear Regression Analysis using Python: ML Basics (‡§π‡§ø‡§Ç‡§¶‡•Ä),udemyfreebies,smartybrome,1,1.0,0,https://idownloadcoupon.com/product/linear-regression-analysis-using-python-ml-basics-%e0%a4%b9%e0%a4%bf%e0%a4%82%e0%a4%a6%e0%a5%80/
learn data types of python.,u_ProfessionalLeave748,ProfessionalLeave748,1,1.0,0,https://www.reddit.com/r/u_ProfessionalLeave748/comments/vdkin3/learn_data_types_of_python/
(FREE) NEW 2022 TELEGRAM MEMBERS ADDER / SCRAPER SCRIPT / PYTHON / TERMUX,u_greyskyyss,greyskyyss,1,1.0,0,https://www.reddit.com/r/u_greyskyyss/comments/vdha93/free_new_2022_telegram_members_adder_scraper/
[Solved] Programming Assignment - Python Functions,free_homework_answers,PhantomTutors,1,1.0,1,https://phantomtutors.com/questions/solved-programming-assignment-python-functions/
350+ Exercises - Python Programming Mega Pack - Unit Tests üá¨üáß [Free online course] (4 days or 612 registrations left),Coursemetry,Agima,1,1.0,0,https://coursemetry.com/350-exercises-python-programming-mega-pack-unit-tests
[Code=75EBB20B7797D00EB53D] Highest Rated (4.8/5) : Learn Python from a University Professor $9.99,FREECoursesEveryday,ViralMedia007,1,0.67,0,https://www.udemy.com/course/python-from-the-university/?couponCode=75EBB20B7797D00EB53D
Python Programming Tutorial For The Absolute Beginner + Code,udemyfreebies,smartybrome,1,1.0,0,https://idownloadcoupon.com/product/python-programming-tutorial-for-the-absolute-beginner-code-2/
Linear Regression Analysis using Python: ML Basics (‡§π‡§ø‡§Ç‡§¶‡•Ä),udemyfreebies,TronicBoy,1,1.0,0,https://impodays.com/courses/linear-regression-analysis-using-python-ml-basics-%e0%a4%b9%e0%a4%bf%e0%a4%82%e0%a4%a6%e0%a5%80-2/?feed_id=36946
"Analyse de Donn√©es avec Python: Numpy, Pandas et Matplotlib üá´üá∑ [Free online course] (3 days or 163 registrations left) üÜï",Coursemetry,Agima,1,1.0,0,https://coursemetry.com/analyse-de-donnees-avec-python-numpy-pandas-et-matplotlib
Support Vector Machines in Python: SVM Concepts & Code Free Coupons & Free Download,udemyfreebies,shadowlife321,1,1.0,0,https://udemycoupons.org/support-vector-machines-in-python-svm-concepts-code-3/
Python Programming Tutorial For The Absolute Beginner + Code,udemyfreebies,smartybrome,1,1.0,0,https://idownloadcoupon.com/product/python-programming-tutorial-for-the-absolute-beginner-code-2/
Learn python data types.,u_ProfessionalLeave748,ProfessionalLeave748,1,1.0,0,https://www.reddit.com/r/u_ProfessionalLeave748/comments/vdkjen/learn_python_data_types/
Data Structure in Python,u_Perfectelearning,Perfectelearning,1,1.0,0,https://www.reddit.com/r/u_Perfectelearning/comments/vdj2kq/data_structure_in_python/
Python for Machine Learning: The Complete Beginner's Course,udemyfreebies,smartybrome,1,1.0,0,https://idownloadcoupon.com/product/python-for-machine-learning-the-complete-beginners-course-3/
"Python for Data Science - NumPy, Pandas & Scikit-Learn",udemyfreebies,smartybrome,0,0.5,0,https://idownloadcoupon.com/product/python-for-data-science-numpy-pandas-scikit-learn-2/
Time Series Analysis and Forecasting using Python udemy coupon,udemyfreebies,edutreasure,1,1.0,0,https://edutreasure.in/time-series-analysis-and-forecasting-using-python-udemy-coupon-18/
Time Series Analysis and Forecasting using Python,udemyfreebies,smartybrome,1,1.0,0,https://idownloadcoupon.com/product/time-series-analysis-and-forecasting-using-python/
Python for Machine Learning: The Complete Beginner's Course udemy coupon,udemyfreebies,edutreasure,1,1.0,0,https://edutreasure.in/python-for-machine-learning-the-complete-beginners-course-udemy-coupon-3/
INF 360 Programming with Python Assignment Help,u_DianaGates,DianaGates,1,1.0,0,https://www.reddit.com/r/u_DianaGates/comments/vdkf3n/inf_360_programming_with_python_assignment_help/
how to generate User access token from Facebook API using python,learnpython,Djang024,1,1.0,1,https://www.reddit.com/r/learnpython/comments/vdja0p/how_to_generate_user_access_token_from_facebook/
Time Series Analysis and Forecasting using Python üá¨üáß [Free online course] (4 hours or 681 registrations left),Coursemetry,Agima,1,1.0,0,https://coursemetry.com/time-series-analysis-and-forecasting-using-python
"(Tutors) Join our PaidAssignmentTutors we help in Java, Python,C++,C#, ASP.NET,SQL,R,HTML/CSS/JS,Calculus,Linear Algebra, Statistics,Economics, Accounting and online Classes",Advertise,AssignmentWizard,1,1.0,0,https://www.reddit.com/r/PaidAssignmentTutors?utm_medium=android_app&utm_source=share
Build A Search Engine With Python: Computer Science & Python,udemyfreebies,smartybrome,1,1.0,0,https://idownloadcoupon.com/product/build-a-search-engine-with-python-computer-science-python-2/
"@AP: Florida's annual prize-winning hunt for invasive Burmese pythons in the Everglades has been scheduled for August. The snakes have virtually no natural enemies in the Everglades and have decimated native populations of mammals, birds and other reptiles. https://t.co/3EHhqGOpgt",newsbotbot,-en-,1,1.0,0,https://twitter.com/AP/status/1537493842206801920
"Analyse de Donn√©es avec Python: Numpy, Pandas et Matplotlib üá´üá∑ [Free online course] (1 days or 981 registrations left) üÜï",Coursemetry,Agima,1,1.0,0,https://coursemetry.com/analyse-de-donnees-avec-python-numpy-pandas-et-matplotlib
Prepare a Django app for Deployment using Docker [TUTORIAL] #app #application #code #compose #deployment #Django #docker #dockercompose #github #networkengineer #nginx #postgresql #Prepare #programmers #proxy #python #Tutorial #uwsgi #VirtualBox,containerization,stackjourney,1,1.0,0,https://stackjourney.com/prepare-a-django-app-for-deployment-using-docker-tutorial/?feed_id=14745
Python for Machine Learning: The Complete Beginner's Course,udemyfreebies,smartybrome,1,1.0,0,https://idownloadcoupon.com/product/python-for-machine-learning-the-complete-beginners-course-3/
